{"cameraMode":{"drawMode":0,"name":"Shaded","section":"Shading Mode"},"sceneLighting":true,"audioPlay":false,"sceneViewState":{"showFog":true,"showMaterialUpdate":false,"showSkybox":true,"showFlares":true,"showImageEffects":true,"showParticleSystems":true},"in2DMode":false,"pivot":{"x":-5.471206188201904,"y":2.4025778770446779,"z":-1.1919403076171876},"rotation":{"x":-0.12254616618156433,"y":0.3564469516277313,"z":-0.04722099378705025,"w":-0.9250417351722717},"size":1.8397297859191895,"orthographic":false}